,Currency,Mean,Median,Standard Deviation,5th Percentile,95th Percentile,VaR,ES
0,USDCHF,0.9997995028240716,0.9913671189566665,0.09169178443424908,0.8599557811419101,1.1633620796048816,0.009729999164869064,0.012578250118539426
1,USDEUR,1.0191245143072647,1.0157322712468644,0.08234221183296646,0.8911021437996366,1.1619370304076786,0.008310346064775419,0.01131850099817068
2,USDGBP,1.0227365025416335,1.0144461430585736,0.1043290185732845,0.861274986233568,1.2080940984830144,0.010087701403193088,0.013089037993672184
3,USDJPY,1.0347374478670954,1.032202407642754,0.09507917111237922,0.8810147139589605,1.1977153849561106,0.009480664652120642,0.013878518325469545
4,USDCNY,1.0108637137013625,1.0083800747129779,0.056166629969464504,0.9259302523258702,1.106355070925788,0.005808071560258369,0.006827438426472979
5,USDSGD,1.0090921315383128,1.0066444344034318,0.051180991340122994,0.9289063690336872,1.0965113285144492,0.005089087644982824,0.007010045632902821
6,USDGOLD,1.042496584371443,1.0313096105774247,0.16076058148923492,0.7984923915175018,1.331105531893459,0.015801045229125857,0.022119305569479674
7,TALUSD,0.9983507591965091,0.9988217233987449,0.06406167400734149,0.8954756897843408,1.1015031206056636,0.006766866029141233,0.008993692532391667
